Data Scientist,"San Francisco, CA",https://www.linkedin.com/jobs/view/data-scientist-at-experfy-3702461912?refId=XylZo3pnghrnfKXXULdUCw%3D%3D&trackingId=pl40XdrElhekRadAy%2FU1WA%3D%3D&position=1&pageNum=0&trk=public_jobs_jserp-result_search-card
Data Scientist,"Seattle, WA",https://www.linkedin.com/jobs/view/data-scientist-at-experfy-3702461913?refId=XylZo3pnghrnfKXXULdUCw%3D%3D&trackingId=zha%2Fh42loHzqoYzw9sF0rw%3D%3D&position=2&pageNum=0&trk=public_jobs_jserp-result_search-card
Data Scientist,"Los Angeles, CA",https://www.linkedin.com/jobs/view/data-scientist-at-experfy-3702464696?refId=XylZo3pnghrnfKXXULdUCw%3D%3D&trackingId=H%2BKrGWYE1ki%2BtykXvTBnbQ%3D%3D&position=3&pageNum=0&trk=public_jobs_jserp-result_search-card
Python Developer,"O'Fallon, MO",https://www.linkedin.com/jobs/view/python-developer-at-vrk-it-vision-inc-3688021187?refId=XylZo3pnghrnfKXXULdUCw%3D%3D&trackingId=gi6lLm1y%2BS4zLb9%2Ftd%2FuSQ%3D%3D&position=4&pageNum=0&trk=public_jobs_jserp-result_search-card
Data Analyst I,"Arlington, VA",https://www.linkedin.com/jobs/view/data-analyst-i-at-kent-campa-and-kate-incorporated-kck-3701463351?refId=XylZo3pnghrnfKXXULdUCw%3D%3D&trackingId=MMmPKZ39T36xTH9%2FXcoWrg%3D%3D&position=5&pageNum=0&trk=public_jobs_jserp-result_search-card
CNN Climate Intern: ATL- Fall 2023,"Atlanta, GA",https://www.linkedin.com/jobs/view/cnn-climate-intern-atl-fall-2023-at-warner-bros-discovery-3698332857?refId=XylZo3pnghrnfKXXULdUCw%3D%3D&trackingId=UeNtLXsymNZbWKXdKPhdcg%3D%3D&position=6&pageNum=0&trk=public_jobs_jserp-result_search-card
Entry-Level Python Django Developer,"New York, NY",https://www.linkedin.com/jobs/view/entry-level-python-django-developer-at-pattern-learning-ai-career-tech-recruitment-reimagined%21-3701986187?refId=XylZo3pnghrnfKXXULdUCw%3D%3D&trackingId=9Kj5zVAzjVqVMK3TM%2BptAw%3D%3D&position=7&pageNum=0&trk=public_jobs_jserp-result_search-card
Python Developer,"Fallon, MT",https://www.linkedin.com/jobs/view/python-developer%C2%A0-at-steneral-consulting-3688014953?refId=XylZo3pnghrnfKXXULdUCw%3D%3D&trackingId=hDbQPRzE%2FAXjtXRCbCbofg%3D%3D&position=8&pageNum=0&trk=public_jobs_jserp-result_search-card
Python Developer,"William Paterson University of New Jersey, NJ",https://www.linkedin.com/jobs/view/python-developer-at-mindpal-3682784766?refId=XylZo3pnghrnfKXXULdUCw%3D%3D&trackingId=cAwGoRn%2F0Ufjpp2hSD%2B7BQ%3D%3D&position=9&pageNum=0&trk=public_jobs_jserp-result_search-card
Python Developer,"Pittsburgh, PA",https://www.linkedin.com/jobs/view/python-developer-at-mindpal-3682784757?refId=XylZo3pnghrnfKXXULdUCw%3D%3D&trackingId=mKGscEHZXxIo7j6%2BVMF6XA%3D%3D&position=10&pageNum=0&trk=public_jobs_jserp-result_search-card
Investment Analyst,New York City Metropolitan Area,https://www.linkedin.com/jobs/view/investment-analyst-at-airdrop-3694117943?refId=XylZo3pnghrnfKXXULdUCw%3D%3D&trackingId=2FUU%2BypU7LpUfm4rXh0qvw%3D%3D&position=11&pageNum=0&trk=public_jobs_jserp-result_search-card
Entry Level Python Developer,"Boston, MA",https://www.linkedin.com/jobs/view/entry-level-python-developer-at-synergisticit-3682545276?refId=XylZo3pnghrnfKXXULdUCw%3D%3D&trackingId=S9G8J7a6pomuxHM24sGzzg%3D%3D&position=12&pageNum=0&trk=public_jobs_jserp-result_search-card
Python Developer,"Madison, WI",https://www.linkedin.com/jobs/view/python-developer-at-mindpal-3682786322?refId=XylZo3pnghrnfKXXULdUCw%3D%3D&trackingId=wQ7p9C1nqryyYbTe6rJ7ZA%3D%3D&position=13&pageNum=0&trk=public_jobs_jserp-result_search-card
Python Developer,"Seattle, WA",https://www.linkedin.com/jobs/view/python-developer-at-mindpal-3682784770?refId=XylZo3pnghrnfKXXULdUCw%3D%3D&trackingId=OtN6yaTfe%2BisX48drxJcSw%3D%3D&position=14&pageNum=0&trk=public_jobs_jserp-result_search-card
Python Developer,"San Diego, CA",https://www.linkedin.com/jobs/view/python-developer-at-mindpal-3682782950?refId=XylZo3pnghrnfKXXULdUCw%3D%3D&trackingId=xDDcAEq9%2FVHcbdRTJWi%2BNQ%3D%3D&position=15&pageNum=0&trk=public_jobs_jserp-result_search-card
Python Developer,"Philadelphia, PA",https://www.linkedin.com/jobs/view/python-developer-at-mindpal-3682784760?refId=XylZo3pnghrnfKXXULdUCw%3D%3D&trackingId=XkuW1aMEKcZRx%2FPD4UchIw%3D%3D&position=16&pageNum=0&trk=public_jobs_jserp-result_search-card
Python Developer,"Eugene, OR",https://www.linkedin.com/jobs/view/python-developer-at-mindpal-3682781984?refId=XylZo3pnghrnfKXXULdUCw%3D%3D&trackingId=pjzmJ70OBnIUXtG2%2B2vMAw%3D%3D&position=17&pageNum=0&trk=public_jobs_jserp-result_search-card
Backend Python Developer,"Nashville, TN",https://www.linkedin.com/jobs/view/backend-python-developer-at-shiftcode-analytics-inc-3677695618?refId=XylZo3pnghrnfKXXULdUCw%3D%3D&trackingId=jpwnImIqBFxTIfsHsnSOsA%3D%3D&position=18&pageNum=0&trk=public_jobs_jserp-result_search-card
Python Developer,"Cleveland, OH",https://www.linkedin.com/jobs/view/python-developer-at-mindpal-3682782949?refId=XylZo3pnghrnfKXXULdUCw%3D%3D&trackingId=LnLJ2kfuk%2Bp7UqeDeSNZbg%3D%3D&position=19&pageNum=0&trk=public_jobs_jserp-result_search-card
Python Developer,"New York, United States",https://www.linkedin.com/jobs/view/python-developer-at-mindpal-3682781991?refId=XylZo3pnghrnfKXXULdUCw%3D%3D&trackingId=YQ1REp%2BCG8AL8l32MnsiYQ%3D%3D&position=20&pageNum=0&trk=public_jobs_jserp-result_search-card
Python Engineer,"Austin, TX",https://www.linkedin.com/jobs/view/python-engineer-at-lorven-technologies-inc-3688706580?refId=XylZo3pnghrnfKXXULdUCw%3D%3D&trackingId=sOgWAtBkhIBmij7%2BXsJtvg%3D%3D&position=21&pageNum=0&trk=public_jobs_jserp-result_search-card
Python Developer,"Detroit, MI",https://www.linkedin.com/jobs/view/python-developer-at-mindpal-3682784765?refId=XylZo3pnghrnfKXXULdUCw%3D%3D&trackingId=JkFsmwjBr6XMrF9kG1h9og%3D%3D&position=22&pageNum=0&trk=public_jobs_jserp-result_search-card
AI Engineer (Remote),"Northville, MI",https://www.linkedin.com/jobs/view/ai-engineer-remote-at-knowbl-3687996336?refId=XylZo3pnghrnfKXXULdUCw%3D%3D&trackingId=EAkVetkQCzrdXv9c31IIRw%3D%3D&position=23&pageNum=0&trk=public_jobs_jserp-result_search-card
Python Developer,"Phoenix, AZ",https://www.linkedin.com/jobs/view/python-developer-at-mindpal-3682785762?refId=XylZo3pnghrnfKXXULdUCw%3D%3D&trackingId=MtrImw52RRbpBCeNJOQxHQ%3D%3D&position=24&pageNum=0&trk=public_jobs_jserp-result_search-card
Data Science AI/Developer/Python,"Boca Raton, FL",https://www.linkedin.com/jobs/view/data-science-ai-developer-python-at-adame-services-3687697052?refId=XylZo3pnghrnfKXXULdUCw%3D%3D&trackingId=%2FEj8RCOG8MnjRmlBQQ2hqA%3D%3D&position=25&pageNum=0&trk=public_jobs_jserp-result_search-card
